x_1,x_2,y
-0.5982884278203431,0.46192254168903935,-1.3486280268324349
-1.745757815653757,-1.4123965209254334,1.6715409714945637
-1.1663969608812792,-0.06900688243013042,-1.9925073453609108
-0.86156208333661,-1.6482700975320559,1.391075736280605
-3.7675043582537517,-1.7915583371624666,0.44839200379776684
2.1927035778548905,1.7146647900490843,-1.7509735877197532
0.5773559124398259,-0.35263614095112017,1.7673142288877646
2.5177348727142217,-1.624138507858761,0.795547597943406
0.45331556988503485,-0.6451141406631429,4.674418244531491
-1.5888125706640521,0.37367342961137395,-0.08497800913194409
-1.6772174083257807,0.5338502679477093,2.3332475799079386
0.910247587241636,-0.3671497737844265,0.05368896954003044
-1.9331877554385515,2.28674423260999,2.849704306089839
-0.9334092894810152,-0.15376234898456076,0.7740072754887213
2.060317500863397,-0.12419143401992283,4.644946315658622
0.9368940979896035,-1.4621476276887881,-2.1121043536927093
-1.8785280024777111,-0.9508888532399399,5.216223609455846
0.4469393210668331,0.0952100817022068,-4.6272342799010735
-0.1815403750686027,-1.4327841178813399,5.69706815947829
2.921413668881724,1.7293697301694952,4.669466435533177
-0.043186692805173656,-2.5664216028730182,-0.7206680609543885
-0.4715458975006024,-2.8659919160326175,1.1786463846461732
-1.0196017233483468,-1.5264104907351523,5.074965846437907
0.9731585585647291,2.5534856165742186,2.2530815149506376
-2.0950301125983,-1.4046735123955791,-1.5283183153558435
-1.4263071481710383,-0.4155096274994179,2.02599495423036
-0.2960477422968194,1.4254328515494619,4.8347573706842555
-2.6213949062236352,-2.3094078492615684,-3.079338486390338
0.10761152943878105,0.5951770271712147,0.3501264579848188
-0.3648507893807378,2.233290146596623,2.2950841752216427
-2.8323445531615112,1.0951714469464302,2.826003056504918
-1.0268858872825348,-1.6363879889596384,5.367841519752518
-1.036139829156932,-4.361732697277994,-0.17217387321432986
1.1261197907851233,-2.6066875867656685,7.192470136820475
-2.038065243261467,2.3678340793778947,3.0443890315485764
-0.5069203935912492,-1.9077953143805395,-0.5555994094626513
-0.01874813484978942,-1.544770210125705,0.5545212344235592
3.0681191093261466,0.5420040033038189,2.046700234264307
1.4468374632243304,-1.0329534207380244,0.8116237290156103
-0.14808259893291958,-0.018164721328862266,-5.400009758513407
0.9812279648937812,-2.996204302501342,-0.6947627726124567
2.6286825627885535,-3.460059168060353,3.870546625686466
1.6110536676132923,3.2404066446526456,0.8873263267117073
-1.0153348555307238,-1.3587817528726596,2.382163725558367
-0.1245094551453978,1.0451022599022406,1.3113090269450285
0.05676417343652029,1.2198690376491337,2.262995483815213
0.6529337569131378,-1.0532048927562279,-0.17956615474021187
-1.9019209349777328,4.14574385545058,-2.544211707459784
-2.846556798572898,0.7769834947682468,3.4832123072866206
-1.4096271866206278,3.5400986276135864,3.5940628517358384
0.5047326365022262,-2.605299618190186,1.1395426301599785
2.4669769277184406,-1.9013161315794198,4.796017819141214
-0.9821711271646265,3.5360085905098444,6.6055573761232225
-0.35518157663989347,3.106730308242378,7.495658823608856
0.717306390189174,1.2990270657174325,1.9225023571686053
0.16475524270686326,-0.6743187740748185,-1.1469888009072537
2.6132783711480823,-3.07212889743229,-1.3028113052876602
0.01718504459631931,-0.46985479126866325,1.218009762296113
-0.4490801630822986,-1.2247380489935678,1.7542807365375592
1.4863394213807781,-1.298220824262574,-1.3591129452346853
-1.0048875616150827,0.7200613857326097,4.517525616237796
-0.6061844492959185,0.020010207208834396,5.161294158013642
-1.0045606753230558,6.41594397961876,0.5597646936033468
-2.942906599007278,-1.901004989338607,3.2812125668757735
2.9577781416647895,-1.6311070299416304,-1.2601472724371456
1.5259890535478373,-2.4026223675273837,7.219404126838176
-0.4522465171254859,-2.5719681881060144,-1.9634303839869647
0.007479122432840102,-3.2370259112673274,-1.724616192378698
1.8835331909080686,0.9579180905120223,-0.10951938394624594
0.7020439369080429,4.080101199332418,-0.813415744890349
-0.6047190513587268,3.3598376221600006,2.040105297732794
0.3193290556226379,-0.691082883904637,1.1474874426378192
0.3860975937630925,-0.2087495771254928,-0.6623807954389968
-0.8035672690507106,0.3926644298711799,-0.653696225220529
-0.02099355585926324,0.39651316217308674,-0.09895340437315274
-1.3130919482003809,0.3435569763201404,1.6224253203096002
-1.3026997822046393,1.0749402897918663,1.7362316208135975
-0.8145852024451077,3.5473891214011477,2.2031918145372886
0.2419166490807185,0.3161590824834707,1.7623410472864427
-2.5383772343004862,1.6279169245571314,-3.4312323741593493
0.48060149347038084,-2.2456860182902045,-0.1683149334680043
3.4813680208240165,1.9063358664679058,3.2124704801684674
1.4333962617277332,-4.041674727826361,1.7507363790715917
0.12959992275994137,5.103169647514138,-0.4551515559246613
-0.2741455678336554,-0.5775792617745001,7.4542763253969815
2.339932923398624,-0.8700503886493508,5.229348230790119
0.8399435375596838,-0.8805607130998849,0.02578395910591641
3.7719843906151556,-4.953167860251428,2.0970821665004435
1.0110021718677857,4.132170166302745,-1.1520450694158735
3.034829328255358,1.788387363899889,3.1677574439140037
-0.4259111697554232,-2.9593046357645525,0.8029600721086217
-1.5222331664806472,-5.184554288128345,3.3714412868987065
0.13326714337550682,-1.3925903407742322,-0.0933768624907016
1.125001956922688,2.563953309609005,-2.5306132406735298
0.5056316206977656,0.46100143866743926,3.8562672872782944
2.135386524799003,1.7752604427574246,-1.2375149879130167
0.6865224138858348,-1.0965094339168857,0.6152226899564509
-1.2735996847883584,2.456941211920107,4.45395487422582
-0.8482412127163561,-3.322959532794706,1.404503179659829
-1.2426328111924096,-3.7841199168478767,5.220242089515739
0.01891057582539183,5.47090719619301,2.0531481940410643
-0.6632946805843052,3.808453071563815,-3.3801092987590673
-0.26656312289656736,-0.6372888926382307,2.0363896305759965
1.6207391260661623,-0.06023901141192356,0.025905587145424736
1.1800410407542983,-1.9221495034460963,1.6586419290429912
-0.6877976812972724,1.4427301651628386,3.175141497696048
-2.177936764803307,-2.4693562588367532,1.2335071403730156
1.4391866460993188,3.8773739581745352,-2.0096363418789633
1.8229478107462695,2.0086297503164348,-4.110468375173317
-0.5619703704504588,0.11867978168537952,1.0004468975321703
-1.0522166758416256,2.349148356981881,-3.140731470127083
-0.6729076282606792,0.8750578693835198,-1.561527363408892
2.6939036591718124,3.2955853559512764,0.7677498582252755
-1.0774480284111463,3.43038344166202,7.087103898160149
1.0923520193705696,-2.180052541084059,2.2726556768067736
2.561563101644097,-0.9477378767751057,-1.5124903721219458
3.6697009866662347,1.9190319629050074,1.2815481600842296
0.3331181493602695,3.066469984518603,1.6258315537915156
1.4531898611680705,2.2931304799039487,3.41158487979757
1.5029040265315334,-1.6230535733347458,-1.9902864056494534
1.0146024279780619,1.373620082216901,-0.2748940607006225
-0.6980574532223558,-0.6390654649999,0.9878657804751068
-0.7316268408675197,-1.5434416953241699,5.320968826134208
-2.135117177514173,0.21744552971816855,3.674049887669574
-1.7850006735208752,0.24557311186867503,-2.1591241243779753
-1.1092930541496822,1.3911317898093944,-2.5611462948544177
-0.983946477750073,2.2686632543009404,2.9146903650748883
0.8136389170224678,2.469634035483117,6.086926882251651
-1.9622761921434428,-1.3547305338498934,-7.640170873714702
0.1788147250390173,3.8352757489541145,1.1047315600857583
1.6673747083641164,1.6474131264475846,-2.9125462115352274
-1.0302021772399619,0.6163945062739254,-3.127610187961685
-1.5206511011924904,0.010724560071187161,-4.763116917288027
2.5582318184637414,-2.5089110691530396,-0.5841988521074555
-2.606028068474423,1.3703755087285336,-3.4851768542091133
0.15377609500882206,2.1582200476783746,1.674465496612339
-0.7432958215269025,0.3563278083279832,0.8155102198019565
0.24336501510851205,2.322853615187443,2.723490189638752
-1.5188549891348875,0.5183418777020563,0.24431121370722697
-2.325070723673547,-0.5626035385309294,-2.021726565444411
2.286955136193889,0.890242431930117,-0.8356109359422612
-0.8605626131627149,1.9133986505092904,2.8291315225360756
0.1835115393664336,0.06733530284038114,1.5829826425417086
0.6725228910963978,1.8337178503848732,-3.3273078115823465
1.9383454346705824,-3.729370760014502,1.5735830510250635
0.3389794502790735,-3.816383416196608,-2.517468591215268
0.43669847310380583,1.5016897267384168,2.476410149623344
-1.4144107415170044,0.016148004982555697,7.7641515544376185
2.0322707226075325,3.106665667840784,-0.9519784470372932
-1.1517055057747048,1.2916999379173624,-1.2189857646059832
-1.2294957950132543,1.5111802178428217,-2.24516952013922
0.4966803996891513,-2.112105380099839,3.361551835469345
0.3938231759542008,1.0413055606963546,1.9377215314260152
-0.88092247234687,0.31956092110816026,2.3759532566056687
-1.6810818020730889,-1.59725282310614,-1.9617018795972943
1.5428272128260605,-4.66968023400425,-0.6680709240852005
-0.6901714925681146,1.8667513854808901,-3.897225655963403
0.2711441143218958,0.3408806979467194,-4.535686325234094
0.9631086680018215,3.366805486659848,5.47071716038722
-1.632964244866921,1.327490668114243,3.900258490831722
-1.0609430889533136,2.376015968296472,0.8730658643395509
0.4478147309262978,-0.7032616926327422,1.5401406960980748
-1.2180022231348626,1.2167272609456619,3.3073558198954403
1.880890690775734,-4.560922426180438,-3.1601089986764967
-0.2911696617123649,1.4284514260620795,2.989021627398256
1.9273270856994462,2.158207383243289,-0.8854803584202369
0.6484522522475048,0.042289239223312874,-0.5808637215385407
0.12535258136666982,0.24608004954306167,-0.2329770597050355
-0.20978664221668497,-0.929795741389623,-3.057506219122864
-0.07422292354904403,-3.4277036134341192,1.2210762003673765
-0.6078079147941243,-3.0008867551114884,-2.0641480723588606
0.19155622279357543,1.5712496881023386,-0.6867712046213043
-1.0434711366765295,-0.6683268916999234,3.9858635232548787
2.422243612257128,-2.2000041538085555,6.691652401443226
0.6498387517206261,3.2679389998353425,-4.456244997320009
0.4516433248714564,-3.6382086098817643,4.329199839543566
0.5635187959222576,-2.5161423244726215,2.475591122035439
-2.3879402000333623,-0.6214605610402735,-1.5089547015909701
-0.5271589992388188,2.170449191621396,2.8121939703097003
1.8142732931436376,-0.584310913158979,2.6548515486699444
-2.229707232347399,1.5593652877720412,3.7336995656545175
0.7631412509855109,-4.457734246816983,0.2698026333455068
-0.18939782158949758,-2.6554253291000016,-3.7575235331058434
-0.17005908355483726,-1.552707278284081,6.457138872708608
1.2661402769330645,0.3502826246445111,1.7454274740176534
0.16432190533873212,-1.353120569505162,3.0561965607511445
1.0317793632998935,-0.4857271251033497,-0.10860562974631227
0.314251530562783,-0.4934817179901781,1.8859219766283206
-2.2235692731499177,-1.2608170909461025,-0.7634842449917314
-0.9259394910652476,-3.2738412539200343,1.6013096076197681
1.4943620192734772,-0.9682935510468971,1.22881626923458
-1.233852856479575,-3.7128158475527244,3.82686686229895
2.5279263125010005,0.6219346789991171,2.12686382552839
0.3031911981100017,2.0340656973006914,-6.586926084219006
-0.5771544485062569,-4.031649272937187,-1.4392155290055213
1.3161002890056435,0.8457853763967985,2.297782709983252
2.542217878544646,-0.0006954542516330875,-0.7435345939432905
-0.7058967265420212,-4.404009550747448,-4.300297185060245
0.07021313519886377,3.506421841407,0.5166768613498481
0.41739629499699116,-2.3761473153661674,0.32470330095012323
0.4170736513020482,-2.859492153608743,-0.7330218290000801
1.128371051822818,6.704027977609714,5.899520669006895
-1.3889211052618864,-1.0141496434688346,1.0044877436556365
0.007134423569090442,-0.16005268608728485,-0.34742991576002025
1.1136459498746123,0.026131511338252533,2.790958234850673
1.958139620887359,0.2169252461670013,-2.643078723643094
-1.984945416652334,-3.0570946753554264,5.179404056004061
-3.2202150600160295,1.201988092864735,2.4164533710901384
-0.6029150728136993,-0.5311639447121562,-0.03347791632283706
1.9284313268533628,-0.8924335249240898,0.3588151445413502
-1.9653023022437965,0.47840834194250287,-2.104190650887743
-2.594576387808001,-5.661695500569502,0.5385968070010638
1.5270346113736555,-0.9644127340096037,0.5302230274369906
-0.790181276664768,0.8559872838026893,-3.7736116829129593
2.0056451628020597,5.225677080653163,3.3218072529326808
0.07446555701702451,-0.5647282693271969,3.3640917025357817
2.5330805251110418,1.905620934556756,5.768876284984968
-1.010459483609907,-1.4810196643704285,1.1395491500788966
1.6935130076821197,0.7667072109784365,-1.0934094115831932
-3.2451889436142416,3.336059400212639,1.1680442575029797
-0.016996249147585907,1.0790812696878604,-5.37546956028517
1.3080000807497023,0.16783610802167315,-3.114494626389135
1.1764026250801827,-1.8207003461530835,-3.314380182994972
0.3056930141450147,0.9606534340585489,-0.5207522705461002
0.30205343836634857,1.0489872641884892,1.3707765700437986
0.5853665475056775,-2.5398880810647517,-3.2993082750659006
-2.295386519378016,-3.2885818593128655,0.8903782924849705
-0.013723176025959516,-2.220402011476276,1.4626287510213254
1.5501688540752425,0.32395326494923815,2.0858113151046656
-2.8758261143244033,0.6144102517363422,-3.1804853264141157
-2.3810205580211043,3.4804320087741303,3.4518922481177765
-0.034606959099057866,-0.3747211203819223,-2.434452947382325
-2.255735582957859,-0.1937358496107351,-2.057758467129032
-0.8693897164085083,1.4649502661981333,-1.2748542862015912
-0.3825652235227344,-1.830696014532246,3.0639638983872897
0.8994198984692792,-0.9344683720984466,-2.865919822303046
-1.9861969338243852,1.2393786196038232,-0.3696205883550575
-0.04148886498111615,1.69694354296428,2.8348056059563818
-1.2597237016508496,0.7289466048614508,2.6864167161990697
-0.9897896544407445,2.3494977900925234,-1.7342159614610253
3.1135706608031652,2.0627628331173318,3.079341742536809
-0.6837618162163772,0.552892025955059,-4.516232630525312
-0.8516241020263107,0.3360087847342257,0.7573104936401004
0.3113218489235551,-2.7100930937848546,-0.7615312991943004
2.852378130129784,1.4150046451472815,-5.729709571417624
-1.0853206893096998,-2.977840230677991,2.994017932843004
0.42355987232937065,-0.6456321166978046,1.8087643769965134
-0.3900488541683185,-0.4065782159862743,-4.8352392154807955
-0.3749106626493387,2.488448434643796,2.054481144428235
-2.8139215361397714,-0.9512897879080409,2.0895916527890193
-1.5581514388353632,2.896017476259122,-5.4758636030231935
0.8180396906828512,0.0050751305589615825,2.021915380189679
-0.6110311516936968,-2.6724523713305164,2.982325918254454
-0.4203544161499379,-1.698257196032216,-0.5451370852618598
1.5568202675542706,-3.1271350023087057,0.5808245751281667
-1.6870273765954509,-1.4504843028421375,-3.315872120517631
-1.8702224747841918,-0.18980244656869372,2.620560564226286
0.10312701112401312,8.07580139562614,-2.8359906010887004
0.9202527097171541,0.39242853146267037,4.195180284148025
-1.2971486941410761,-1.5302940357626311,1.6029326624692342
-0.03238158346912302,-3.61159166287152,-1.9364338041233722
1.6925054621628397,-0.30032646784382333,3.6021853628339446
-2.1592978676757713,-4.253066694949649,-2.313208973832866
0.14240232824634685,0.025747741709131855,-2.7347912243737973
-0.584982191734202,-3.0416943284297115,-0.02678784206715512
-0.24086235115239318,3.840300562018463,4.331018119056413
-2.325040198647944,-0.9074608629639636,-0.40222322178371556
-0.04750164458771727,2.5947865145488294,3.2784047531889233
2.73117375538042,-3.231578937839161,-0.6300909431557178
-1.3806724128855032,-1.357449728216617,3.5791372730812774
-2.5036930755206552,-0.17469975561159767,4.499260081958942
0.4049510610847823,0.706466820302762,-4.556398351339739
-0.751567488775998,-1.843106551019383,-2.550523082635381
0.20355748288190045,-1.9465993649185573,-0.933661288814446
2.587925973901458,-2.0936880384712078,1.0501318270838225
0.9492272483788122,-1.0385021212177241,1.5457841167528943
-0.48281246349452056,-1.6626188932516583,1.2679426161691691
-2.6048518627770574,2.7529865451403337,1.222114967460041
-0.3034336466305274,-1.9300929837666918,-2.7427906251202776
1.0423244565767376,-2.9985618481872423,-3.147588504275216
1.6314635838361111,-0.06363947711557616,2.8143979861230624
-1.1096253102117346,-1.097289474347836,1.8792038448268726
-3.6985952259406947,2.495100483574576,-5.523991764515366
-1.523065324781236,-0.4250606857083064,-1.7339848535007807
-0.4089284014592502,1.4637269740857555,-1.6739829106428532
0.4336183330428101,-1.7751672764046753,3.582343874190119
0.172576459003284,-1.5861342399930458,3.7368154590087004
-2.3122877699845112,-2.619027844368929,-0.3393475137987747
1.0636645508547782,1.2873777217599622,-0.3901832284631338
-1.6973620151002309,2.3896354893045104,-0.2193021205423249
-0.29274937482600727,-1.017747095536131,-1.2307175915043143
3.2597848435697117,1.4251332477449496,1.421258744375133
0.7209633027491663,0.07022233508755327,3.007014445170727
-2.307953579200564,-1.1044455420074892,5.296418094390838
-0.6681496237576316,-0.008411217338172294,0.37936597511503045
-2.0841193179861044,-3.286712880965435,6.657924019507217
-0.8529804495607112,-1.942631253725251,-0.08991616899925237
-2.13959856892531,-3.47559315925926,-3.7036237759659016
-0.5654383904059692,7.401926644690181,-1.2584583265049543
-0.6966182261540856,-0.7446273946304904,3.824298597860339
2.2738388421643907,-0.9283094276024977,-2.0425552050237568
0.3097575324352867,-2.475123880672868,-1.4149460857874692
1.3932534922927702,3.6618625707492,5.112923208394307
-2.4874131624306925,-0.4227293720538856,3.810457882994519
-2.1882696163975197,-1.7976853850290797,5.196150165587263
1.0237963426423282,-0.1721127618183138,-0.6152980890281374
1.477390995852556,0.7231852441375215,-0.5039397672397277
2.0703006782865225,-7.23531401659517,-0.3878509917938425
0.02022066664250899,-3.3767969488165033,0.32558447353894826
-0.11952841225013078,3.7058200627971276,2.732783195560815
0.20960972927252997,2.7510184081369835,-2.196787428454355
-1.634215990529564,6.392766807604765,-1.8881026066431092
-2.341143253169287,-5.990508413154336,0.9800579090582339
-3.6551075114704843,-0.8665509772629578,3.893481508512579
1.0876007757705708,-2.073038805103826,0.011233433394304493
0.811670725907133,1.9516473780584498,0.28138955397450377
0.5577689714971683,0.7465386981957214,-0.1486756002295218
-0.08271339184640825,1.2918811215434616,-0.05698342345421148
-0.02049685099807097,-0.28485977642715943,4.024350435558033
-1.496604278418459,-2.1418073544519394,2.127116196993377
-1.3217619849831015,-3.3432127146459267,1.2548467902509692
0.20614716689659657,-2.2243202686480226,-5.403787311515743
0.18721758330729021,-0.5891531373814554,2.565649716587089
2.66339528360003,-0.14268921693563263,3.628339920200948
-1.8937319833479584,0.02033940625156383,0.08773377536975158
-0.858139849595545,-1.315521614895715,-0.42272088035803457
2.1890472257923004,3.2532972362012895,1.1278755416388146
0.4913155512648053,-1.212865340312495,5.71690956617094
0.38090163126734883,-4.234089235989201,0.9463361479651268
-0.0384334902414884,-3.2348548405523827,-0.5701145050034718
-2.381494942168273,3.4935896468299648,1.292948068734757
-1.401453111295123,-2.5858666370739476,3.017152938019809
2.183181850269252,-0.04986215649875386,5.283340857977461
-0.9345196869185194,-1.821978004208891,3.8238388990692957
0.5625893562579263,1.519952848322856,1.7416096789927298
0.49600119435527756,-0.024408773105609183,-0.190833017009153
-1.069176406915336,1.7524210091975674,0.5036460227156965
0.26000398215598364,-2.249391257886219,-1.015399681495504
-0.888121959059587,-0.7591602223044893,-1.0701762629006724
2.914554498776708,-3.567261517802822,6.024879931240114
1.675060610806255,1.238691998562231,1.5610823421974598
-1.4549155722384095,-2.866061670347744,0.5472137574659929
-1.7764326964737036,-0.8135174833120371,2.620261096084836
1.1328627613516997,2.839169154122295,-4.27692142651009
1.6744020183405475,-0.9715736274936009,2.6695688376685798
-0.1702442808488982,-1.312053305298065,-1.7329766303938912
3.1996205113119287,-1.4823934737214974,-0.1640042137200266
1.9594143848317478,3.12602621918486,7.41798512704126
-0.006610577281850327,0.5497783794865072,-3.7292510564302863
1.518409813208291,-3.395688319698584,4.225945033236638
-0.38700108096987873,0.6135154721007905,-0.026894116581271166
0.4634811518743073,5.283623219965198,3.8459175343061127
-0.2852528001681481,-3.166619316430223,3.0541774011555853
-2.448451183858978,0.6667788057979626,3.0756774652319523
-2.941060325006439,-1.3053515868088401,0.5297947657634234
1.2944874415680891,-1.0478231006231111,-0.4154992272730488
2.7421847059315736,-3.056178427216867,-2.679404445102772
-0.7942638137028489,4.978192380578111,-0.47392004833137813
-0.15533732077993423,0.26459870986012624,2.049441919395735
-0.1896069618567119,1.0382376841998728,4.028572515505434
-1.9703149307205123,0.9570482499909512,-3.3821601303766475
-2.88807854720918,0.43648070965763824,-1.58397119985606
3.3574491051790782,-0.7092544977530262,2.3110394979345337
-0.7190775954120134,1.2511923375377907,1.074110325895385
-2.202453159479654,-0.04738924071008155,-4.692462061317173
3.857852326816249,-0.39365580261116406,0.43316062315140913
-0.7418669906721493,-3.410744214401098,-0.0736401702552433
-0.6458630499720325,-0.5294111739655643,0.7447622494989591
1.7778754322109913,-0.8991768260453861,2.522832288024899
1.449536619028712,2.330646371092854,-1.4303440489146904
-1.0093449064867681,-2.734551326543432,-1.036560753075589
1.9879108635122618,-0.5212956481220337,1.0403796689702691
1.0404814212441815,-1.6158167465449798,-3.2251577468602197
-0.06825939117280355,-1.0140897915430411,3.295397900514835
1.8763263745517083,1.628532108890706,5.254010833697722
-2.782518561939502,6.097551837992286,-0.08791639857806377
0.11881236829541308,3.8872177911133607,-1.647408495745967
1.3210078559457392,0.19597620270064575,0.06184556583654388
-0.41926614805190154,-0.05493982082422577,0.01631676023432793
-0.9150158255191669,0.950539187083207,-0.15907112458742634
-0.03988704817884747,-1.4392650145728172,-2.286705870962559
1.6087344079531192,-1.5758890480592513,2.597017944300603
-0.9231738153314926,1.1657068437039837,-3.7253390731746205
-1.3382218846303822,1.5956187477622086,-1.0726644132500966
-3.3168876987966054,2.424756717104942,2.856277714741348
-1.0990444125071221,1.4218298860144527,1.824168755487346
1.1243049980488649,-0.6727443640040299,-0.8706938207647368
-1.7087935339046307,1.0424625251787096,0.17079478354544134
0.05405162706469713,1.3201388810508732,1.4294570599918939
1.3406716909663998,0.7410417554189677,1.6105569300045002
2.0518816880510924,0.9625721116233099,2.8413283550429393
0.0215820979449447,1.1801221020108574,-2.829228615407439
1.3811089891446802,4.203903950495208,0.29983699456037716
-0.6206743559270792,1.4031210390050708,2.4563993816316665
2.1880082145528097,-1.8200737854237479,1.1942438626202216
-2.065211611336765,1.339029824575955,2.498801905941308
-2.7395756089805947,-4.60112765973548,1.635651870915177
0.9329032834790912,-2.1286601932381632,4.574834247762894
-0.11157709196880061,0.5381042043485225,3.803692371798042
-0.46959881134867076,-1.2756766170943468,-1.0799632192463724
-3.3631872604104904,-3.08963386255361,2.1698295259609868
-0.4617221075848432,-1.260005030327228,1.600734044772718
-0.8240667740447414,1.0861723205420757,-6.239260864559382
-0.4223873395554576,1.004240654038541,-1.8503361348050333
-1.311309248561909,3.6516490237217734,5.067631743187915
-0.7279115065168292,-3.955727278278862,-0.2577239298424827
-0.29302265488701285,1.3544327028813636,-0.4436861218005249
2.843481566118912,-2.3008197969992996,8.20219587542611
-0.6816866081352417,4.0371601585578105,-0.0735606177919288
0.2826633544783359,0.5105686458753027,0.42695661675791163
-0.7093446121688858,-0.5119670982973263,3.1040153773947066
2.055135186159381,5.318943959339421,0.19307819460351272
-0.47861852432620255,-0.28588553288540564,-5.252667005824126
-1.2631009877624788,-0.8922916943178225,-2.691524538692106
-0.39599574368585466,2.4163984777070344,1.3819918506950708
2.613365227144253,-0.5159025863056981,5.7968189852959755
-0.13144707785665222,-1.1932176456081305,3.7790070119607617
-1.872368944184604,1.6722031231222485,3.13881240012319
1.9648188579469454,0.14453428648638678,4.003880034298607
-0.6077130637126165,-2.191941484562087,2.8093570074116156
-2.204147988161285,-2.269831354691776,0.4764741600247576
0.6858772031406203,-0.9563091656913367,-3.601304849747366
-0.9392536194532886,0.13825215838087723,-2.2093685299842485
1.6935902214626806,-0.41509489817981793,-1.2604978112158025
1.207067331637925,1.160690402767993,5.110563464001351
0.19615705507910608,0.06117158875821538,-4.263466661733431
-1.1411783217089515,-0.9581910782325733,2.2940951043607347
2.682711678352204,-3.122052934179897,1.1722529184419208
-0.8729783143230696,0.5060759575474804,1.8969139125270098
0.023296483455317596,1.4352936811531034,-3.7154910810811304
-0.2963432360688027,-0.7529153413251937,3.2059859370401194
-1.3194198987300854,-1.3524750028180574,0.13098864070883098
2.0497594945579207,1.1078764922631343,-1.3508688660577737
0.20134216934801108,-1.7312117681733552,6.8960863550897775
-3.5490500817534416,-3.1640982436883465,-4.222254745115091
-1.7508838879535715,-1.2929999225802038,-2.0146453826311226
-1.0644476062440216,-0.5863815260907803,2.397749845996551
2.274503782624371,3.197985054260524,1.8041495839179207
-0.745895911487076,0.6803403533579366,-0.14660039077274295
-3.5384296574956005,2.6949487277497233,1.7551019979879499
2.693166054961056,0.06460870379657568,-3.5792606227044335
-2.0753395094747673,2.382484551982148,-0.7666353325132549
-1.0686374189476588,1.3041444389937054,6.022532626326204
0.8714933375013628,-1.495392835221769,1.2221067032906645
-0.082053314449125,-1.6528144545727386,-3.395650703901456
-0.025759585716229827,-0.05985161771581149,0.44348217073075674
-2.3697170530156235,0.4303912391921027,-2.8577593240431285
-1.4813186289893578,-0.8993749046194035,-1.0263861455322392
1.748097821155669,0.9702646512009356,3.829203464620657
-1.4921617696933243,0.2522037285996501,4.008336982074847
-0.43744114169840587,-2.1914899356106283,-7.9732672894843875
2.310967161462327,3.111555702272498,3.364043435262382
1.7875978913496067,0.3656773134129736,0.6816825376953207
1.340605123650266,-0.6616611882892931,-0.7013714337438127
0.36965959467217513,-1.1835604206039405,1.2944383011691578
0.6566251895054843,3.118909432364183,-0.052375564804902686
0.4072018908401952,2.0232321098968153,-2.176353106048574
2.38875131902687,-5.223845091386327,-6.271566092386798
-1.9499730854560793,0.21965902783532082,5.002053601807059
-1.8172238260048168,1.3447932874897766,2.6064638111848986
2.8579805237299505,3.8267407032396563,2.36871772040746
3.016990365490158,0.23305408455337417,-1.757736108789378
0.6411876059262533,1.4250678472873632,-1.5296891444887337
-0.9885159802861896,1.7058072215801419,-0.21461383363176834
3.026703283468758,2.130157735988136,2.8840638005307473
-2.2268469648919895,0.46537074739133055,-0.36539351781583973
0.3902264357829828,1.2454591151680352,2.2511920035337396
2.378508127996069,0.18134089721351598,-1.6134741441761327
1.1405692455973042,1.9449653117784125,2.350799743380618
0.736143972903712,-5.200771372176934,-0.3981946435847564
-1.065331429563441,3.4547415414337523,-0.8878908025601987
-2.0935763502173668,1.6836682997460208,-0.49992349839193184
0.3157567951423942,1.0356371406359735,-1.4250657997269955
-1.1379701182228452,0.6389624365582789,2.573961096445788
0.8155839625262892,2.10854549103381,-1.183467819889146
-0.10437037609108879,2.5458971784065585,-1.771481775572091
-1.7547894338246117,1.1319605556160584,-0.8652935363475117
-0.007358792516019119,1.854905610674389,2.041090613714127
-0.6576627465842546,-0.45833930223496466,1.2998071541494496
1.2552362351270347,0.032843304587016675,2.6439915764885478
-0.719543877697294,-0.5402267044149165,0.3850063423542424
-0.05415734535530625,-1.114193670684907,-6.399210136402665
-0.07920476596519177,1.9749958842103208,4.936612718430818
2.2982454449962546,-1.021666209531367,0.44317925345419884
0.5967910807063224,0.6952182129138178,-3.396471123714753
-2.5976401595147003,0.7143503987644224,-0.13167179745036
-0.4052004900572881,-2.722719350063865,-3.9798951122742108
-0.520080164410808,0.48404864765815203,-3.273365227638663
-1.9752249661878363,0.6057625778698987,2.292682994268403
0.6776876524806582,1.4017651321436673,1.1372632258607487
0.44440470357856254,1.9573985277054833,-2.431799219838463
-1.3362200660550434,0.09646538776655222,2.8485980267003965
-0.42833945465914225,-5.588733812866624,-4.496050300414815
1.1139315890655705,1.332790729869217,-3.3447150102328598
-1.2763335819606565,1.7800165167653155,-0.18456249190802887
0.15704882701180334,-2.5312425879132867,2.254643133395183
1.8578921310923553,0.12243692008113749,-1.8146283114060264
2.398328135496853,-0.01314698921831714,2.994794253118934
-0.2373495189798851,-0.39907188070662336,0.7493330033695056
0.1140398399877931,-2.4227934014223385,2.0606581381008957
-1.3132582187523059,2.0938363702024603,1.48425071921693
1.3204960505467773,-0.4198499161531346,-1.0187266632071146
0.7235696795885579,-0.9578019550049381,-4.908441066542082
0.8586809894861096,0.7609949338736255,-2.1694843937976733
-0.1598071127345294,0.6457999104315184,-2.3867013920778004
1.341674958631593,-5.617156231298733,4.355902302527136
-0.6803795133420734,0.8415853430632894,-1.1438334128429712
2.465411317924887,-1.6848636672869293,3.1572887477411054
-0.7202522189707544,-0.9841661190074871,1.7678590254423128
0.4307886448180527,1.2851414295264723,5.651370508958268
-1.1547755706064653,2.967728387034997,-4.908354231297953
-1.4353227897195509,1.5740513289998572,1.1553065226974906
0.9228965075213096,2.4967701579553436,0.47852049880949626
1.3145321833123675,-0.4064489859090512,-2.8428925815996298
-0.11326956323073412,-0.2491466432418467,1.8049747429378311
-0.9894707914397036,1.700116067020597,-2.448440263440946
-2.238767895211496,0.662375970846548,-4.284379866682551
0.22766976701285774,-0.7482338186825217,0.828245067174515
-1.8197064381481116,-1.4560629535341978,-1.7558129074179236
0.6819541706175518,-0.7055209076899303,4.273052190201988
1.142145204175751,-0.3707760234499802,2.953131231438947
-0.5491789524632451,1.283961059750434,-0.12907535252436403
1.3918336479272984,2.5493951471150806,-1.144110781286684
2.7190270366523404,0.833185095727639,0.5537888801765241
-1.431998161383222,-1.2566726169139446,1.0392894960237367
2.904238421998397,0.19997862376806586,2.5561322304058307
-1.785835001677014,-1.9433468777587881,0.7123206332130937
-0.02335974730290158,-0.7379173801826234,1.9055771809020947
2.28637848021073,-0.8932996193161806,0.6861869588782563
-0.3923264190091751,-3.3371734254158287,1.731598181799742
1.2566090729771469,-0.36253930133512546,-3.9529061106322256
-1.0003136372642953,-1.835204918487688,1.840091335473361
-1.3470135154051324,-3.5671464730519604,-0.6810593067629086
0.43953824759997306,0.0836400409898348,3.2859393319253103
-1.6498089627739283,-3.7336161940918933,-2.902507683630179
0.1399067310437436,-0.8685694218022917,0.6607133045866768
-2.2870534902038475,1.6084342609350437,0.8539719759163559
-0.7480676381930795,-0.7431183407505352,-3.3872433233733066
2.105039568574815,2.4252665649679264,-1.9413629160941426
-0.3059062139378481,0.7396884453816434,-2.807683213386303
-2.323481818146119,-2.222955838698467,2.751105609981405
1.6046789738006693,0.5722993640605373,-1.6629900351908828
0.6699920003901338,2.2268931545333235,-2.967651929438538
1.8705437160604392,2.122369788560052,0.8036114666460806
-0.6179261524487043,-3.004406571528441,6.471525369521003
-1.7104070458531304,-2.3885036079718747,-9.329403933173658
1.391641766742434,0.38103191572920125,0.8007068509813091
1.0763982069858071,3.6820156370393304,2.7939143770171304
1.227314632598133,0.6366851894604588,-0.5918751857070537
1.8183644438608675,0.7969427709219339,0.18209882086237394
3.161358074098391,1.7412167214754546,5.3210773637371025
-1.726275968054578,3.466058097338165,2.605036502854239
2.867487673109324,-0.7291706926891883,1.9388108916802076
1.8140132824275355,1.3876213963593578,5.111333849218518
0.7514893274899858,-0.3709979142581077,3.1540568181616
0.6968747516726417,2.1765408579779306,1.0336864649316724
1.7960614554025067,-1.4237743625322175,-0.6013792781063126
-1.1673293316236801,-1.5542913343063378,1.7512230086742417
-2.085943163216275,-3.2789479185033295,5.368870268020009
1.0683634026411604,-0.4773519631301988,-0.2501472525019074
2.2248593085465536,-1.2325178093636149,1.9099675196160253
-1.4671764946012682,-2.403157672480522,-1.843364518508389
-0.19375433290653987,-2.8383072968491017,0.694147471545628
0.9227442569194155,0.45232664729212313,-1.051104912635893
-2.1936785282940217,-1.3594971878124837,0.7337958091203827
-1.382482251337548,1.130785308483385,3.9889592320785976
0.7124295611184303,3.676459465741973,4.3769697279883255
1.9187314891879486,1.6876699898540317,-0.05933469764815402
-1.2035575976924053,2.004562060108614,-6.856895519967581
2.451701328715688,-1.0840369300160775,-0.6755244203339337
-0.8835548344740602,1.6918112978821434,0.2851272349313012
-0.339813878321543,3.0592572615105618,4.34614687151151
-0.9653316801159795,0.9967773134383303,1.5582335661624862
-3.9413513177981536,5.240011042723408,0.3690810577458472
-3.158367955925577,0.4485069275819207,-0.06975797780788962
0.5683663749466521,1.4019256001496965,1.6851473409671915
0.5813515615982752,-6.332049810752384,1.5198826983903826
0.7842212321044871,-2.1774046943810945,2.0607802865947105
1.6270039660140505,-2.4023658853641585,-0.6993524866147474
0.7489798705530876,-1.8870396670180893,0.8675281487093438
1.6240774196883927,5.290997055561866,-1.239248924992937
-3.302371329991849,0.38213029697046486,1.295124029857523
0.9529209830818411,-2.797820595303164,-1.0541168827576075
-0.7130503157015753,-1.6836714560865405,1.5557450390990237
-1.4829207995825984,-1.6152570866588736,3.7023700603785112
-0.745998410333367,-2.300159003108962,-2.7703377260680306
1.1054960773794587,0.36027388076670086,-1.2549682630508423
1.6130840994504663,-3.4948170220853805,4.105759776715641
-1.1379256885721025,0.6172838028720051,2.988603284754093
0.44446205223637536,-2.2524432385776554,4.022386104679348
1.9444252320725761,1.8827253800296302,3.7265679619925316
-1.595547009279855,6.201224766438109,-0.3405836158737636
0.08777917244166428,-2.772760995218943,1.6428506250546322
-2.8093362191889235,-1.723410569357875,3.2218890634345456
-0.7664492931890383,0.8711181726066719,0.6657368976415607
1.3196100171308383,2.8183195826509646,5.476437133202746
-0.7497941174494249,-0.6666912910974734,-3.4962280229620584
-1.883855959611845,-5.839698673471055,8.416220183817204
-0.7044199066448469,2.3583009872646583,-0.5226170734642456
1.2888678682332608,2.7359378438472923,4.8959958184413495
-0.09506777906871311,0.6837237565174876,7.233420564698831
0.003637600233925342,-0.740163959339007,-2.2897672650994148
0.08853211872872657,0.538649942767236,-1.5468744148041156
-0.831281167723779,-2.3463580006146127,5.200965710037487
-3.4765026739154012,-2.9503314491528574,5.662451523136984
0.18645634704075054,-1.7638356298155493,6.509669643498857
-2.4167783367965043,0.6214252994570668,2.793446981481141
1.7184691809643033,1.163891877973262,0.7995832384295409
-1.6870117493427716,-4.233816779795715,3.4868590362273997
-1.936188242590106,0.8159037034902445,-1.8701206846841143
0.5315260941261917,3.8235650087360105,2.0789092132564737
1.3805196404455615,-1.7710903611973512,1.4899835933501895
-0.3550715424998848,0.9578443388638478,8.262893369192295
-1.3386838136320247,3.8310187400254505,0.3103207959175449
-0.9316725692979131,1.0532094073319946,-0.5623162954411962
0.412787512433648,0.3577560373973512,2.091457292527255
-0.3293963746298726,-0.7495256526787453,1.1570562066341834
-0.46286086234444107,-2.9415326653825606,-0.2905226884180485
0.9479450199574452,-2.752884657320504,3.859479142623562
-2.2951256759786487,0.1260222426673387,-2.1421096210593813
1.1210021567088657,-0.7527942103052416,0.7304985793217316
1.8296811547555736,-0.48953050447129753,1.4326330412085384
-0.9224380313251701,-1.8932222590227958,-3.2101448605536107
1.4995235634134982,-7.2894473010711565,6.092004584287098
-2.7814790066626185,1.3750595242856543,3.9773920315009135
-0.1277052943965071,3.5980490535944125,-1.6601317465428271
0.4016105012939833,-0.19615706963673285,0.5663599849690931
-2.8481700959576637,-6.63051475807497,4.66889689799309
0.9941902033874295,-1.6282099243091777,3.1292860779997884
-0.24708585396951852,-3.4601366160120275,0.5708084004307123
-1.7099579033774805,2.5008093716727045,-1.9526190943269568
-1.726428127295873,2.5934016017879973,-0.5957683216375362
-1.4185241689467938,-2.1460706994641,-2.2569907007030414
-1.6189329138025925,-1.383065324424562,2.2839937659088183
1.8463319767856798,0.16797776733214365,2.196047961543091
1.7444868219479412,-1.4349222669410808,1.2310505853435907
-1.617846398249748,-2.844657984799487,0.7015233394533761
-1.9435616324703289,-4.395637371468406,-3.222483125736266
-0.6140146715984789,1.8578091028179204,-0.9113224239487172
1.9779675901856346,-0.9691576023981464,2.135297658624763
-0.3556736445778063,-0.7110304771347828,2.312298142238978
-0.9228769148617635,-4.335485838389343,-4.5457135207302
1.2441956314192018,-1.3050839245881571,-0.40121338119232436
-1.1037323573863524,-3.659643719041577,-6.489935920443648
0.24258988098522538,3.1457654230796055,-0.0315655165632972
0.9260537720338914,2.8526211702996718,1.448541323354564
-1.2718338071258035,1.5015335513894925,-0.676035866201502
-1.148802361722436,2.1820846896587467,3.8420360583218622
-0.018484284128553137,0.5401995314264805,-2.69091173790775
0.9444721750269397,-1.23631313509049,-4.308698951635046
2.696693025461892,0.9800563293932565,1.1208809859787987
-1.1642421973666202,2.251751327590129,1.5245937380835808
0.34510348398371915,-2.1837409567253303,1.6031824491874713
-0.37762331544010874,-0.44664140065569213,-5.4301607725260865
0.06558646664443185,1.848714338511967,-3.362673720789132
0.882577570442812,1.6586624530226959,4.2951390564038725
-2.4066995833175215,2.525999338777071,0.33484841982052094
2.447932440055788,1.1828679199759762,-0.3544128051722646
-0.3056423726678046,0.22519691471594078,4.311460968532603
2.9681538266605694,0.21683382306748356,-4.275475647787065
1.0368887109395806,-5.462558803067751,-4.011269898071638
-1.0794418421987688,-2.687254504545233,0.7683275188829628
-0.6372944890850338,3.1284747937134183,-7.395805328038517
1.6252254680137237,-0.6318643410059765,-1.9079625207818727
-0.5627082446224185,-1.8229150100802411,-2.1789377146591313
-0.03220259865208641,-0.6196378159761013,1.2964541888269654
-2.1020095965100953,0.8548930951811161,6.174899295608653
-0.7185804603532766,3.696987537846557,-1.6620314391847957
-2.111141611781097,5.010758167155936,0.6387392343285073
2.474148722459746,-1.7719863309077908,4.236879699638821
-1.3848966453273035,-2.237320759373371,2.382210426452068
-2.1052009512969323,-6.1400123781064835,0.9836302385295245
2.0267296510822748,0.6402811291046788,-2.3323331369213545
0.33098004259474556,1.4944757555245918,2.136877372315297
-0.6876359534051599,-0.5311274807672633,0.23011302896463978
-1.865445951804372,1.0815672569740737,4.796090991776677
0.6142154058119278,1.2238785838745962,1.3250243359404046
1.4931679986827113,0.9504728814974515,2.873113933448323
-1.2275062848626193,4.099157529332215,0.9119587594238798
-1.9920480387307766,-1.7640157767500197,1.0807410369813302
1.0565542245756936,0.39057316989471236,-2.9529227712388293
0.3460234767457291,-2.2000443493661344,0.463180639614569
0.9943979224745934,0.766120506942495,1.182333375626237
0.048825316552864984,-0.9082276779914976,-0.4035727127091079
-0.42217596525200707,-4.878629730185329,-3.5952328301744614
0.5214518461584965,-1.052184482397919,0.8238882991835772
-0.6612785234713766,2.3085486097681214,-6.209737794685567
-2.0036930714229557,-2.272699826243693,-3.8189223395205136
-1.1390098211650512,-0.7849653844079436,2.8366554413576806
0.7206617352108149,0.547225679330515,4.921070167867116
1.6593090349487936,-1.7185279168262357,1.1247794409777672
1.84179493263521,0.030940260777865713,2.2252965717558357
-1.2297253844890217,0.7382950630606988,-1.2509347191007354
-1.6710161398820806,3.3644561010434595,6.094145212549051
2.2033675777603645,0.9294090519807962,1.817237399360798
-1.3956121773485295,1.2079550067470302,1.342792354385387
1.0454177983166795,3.3015579638405415,0.02734970117828972
-0.464549005166776,-3.8744086840190546,3.5560870347978177
1.901910120241654,-1.27235567504842,-0.6014258420016889
-2.0414678822644636,-5.181658485768037,-1.3263046992504988
-0.11749911656092638,2.00479471430857,1.3618253006075636
0.19067304522802092,-2.375699741897247,-3.6277610775961473
-0.8561920960894704,3.9738229730649164,5.4476153462283925
3.5289410275398234,-2.4823055528377225,2.2946869688438065
-0.43741298539639006,0.3237239674927428,3.563494975962347
-1.1981009566045302,0.2207861673025998,5.261577610856971
3.646225888097332,-2.7918310664900696,1.1637597086193179
2.38292964985994,1.845068347745157,-3.4541413851632075
-2.6052490293249857,2.2751995931236397,-0.8120085910677646
-2.72988032059558,-4.023578380235296,2.3708890452156384
0.7689957427044827,-0.543090042836776,-1.248664431656481
0.4419228757940954,1.5923211771755423,2.8408486709514196
-0.2569629453420268,-3.4929144460385975,0.936742975734049
0.1745016858635333,1.4809968786245915,-0.3177864518296991
0.5137261245239719,0.45477077401527666,0.04199072324047903
1.624334022067897,3.617376176767107,3.981716015130777
1.5338092087683435,2.390377614081797,2.558153344976468
1.2797913898651245,0.3811130456402547,-1.5008535285610285
2.2547780527969064,-2.0378329168633496,5.3559676916702
-1.879269487274936,1.732887971626067,0.6680087477233084
0.7874568258033666,-1.6915666583241213,3.3242290930279856
2.665933019119263,2.3272659817783996,0.7621370039391748
1.127770699148782,-3.1943746408035794,1.815773399335909
-1.6367623479355582,4.222672855510736,7.066989250613775
-1.5167910270476477,-3.295294888527265,1.524996631337958
0.5153146821903587,-1.6027454593892272,-4.057154164449227
0.19792415080768408,-0.7827588339345385,1.058268887375423
-0.6537001063961567,2.5944034255709947,0.8218052879636686
1.6233587173241948,2.207007119102478,1.3846208973934346
-0.43984398487512766,-1.1677557157293956,2.8315165093070376
-0.22148775222647676,-0.5038315695247362,0.28681416584271435
-2.3627834083925543,0.35237353757857903,3.4765657260408425
-0.027606522150774415,4.842338449433536,4.460438170789795
0.4054362246799599,-1.7011886380762475,-2.7936758195581475
0.46409626733034515,0.12933752597809423,2.0187465575956645
-0.2143153681048413,-3.2095782611689883,-0.7032046284461555
-0.2694556972238683,2.0628299413082374,1.501245219754998
-2.051638676732638,-0.06628824835842217,2.9442110013645975
1.8922956816186187,2.070319241933637,2.4375300796713413
2.0673853821918047,-3.423066750677906,-1.7893078211522973
1.611935923705938,3.4309020350805293,0.6241171400413819
-0.0835301507254855,-0.4372174747984021,-2.1339833687267835
2.1103346044331404,-2.120909683683439,2.751125670942118
0.030685640539587555,4.104723169845304,3.8150242317662633
1.3413589394686105,-2.939304775127021,-3.0332864874923526
-3.6300316772951806,0.7219313285446622,1.988242175009143
-0.6582425497472438,-1.622839267409205,5.931060491760936
-0.6684742426157992,-0.6051015106740332,5.112560050285724
-2.2090582224384767,-0.08389973722508606,-4.657089465785329
-0.3112547341405243,2.0639610818174075,-6.126369017599102
-1.818649053906562,-5.236361815732007,-3.6151561512785246
-0.5650795138083679,-2.643749433106838,2.4448261027245084
1.8839020002457545,-2.6017445626377804,0.9731941321859948
0.5856523570188074,-1.7044609444014256,-4.7327859376076304
0.6601090273801995,-1.4705263385104494,0.7643301390679442
-0.3083927451458838,-4.4175613510530205,4.290839431447638
-0.7135630694484738,-0.5992252808433088,-3.1840965661205196
3.3358021738480974,0.036204442501882816,-0.7951494018678158
0.17709418247073883,-3.2076385053558685,1.242310811568196
0.47000553008284973,1.4284348653517824,3.4094609535153264
-1.1820054139084333,2.300692961619071,3.658228799774971
1.0410156447750312,-1.913096554378038,0.8911820636215653
3.5482536904999855,-1.22742755971369,-6.1723824957529745
-2.954658679679929,-3.5500833520144224,-1.8600758668661699
-1.0948091777485,2.0385873726670583,3.2443474276334134
1.515815531192734,-0.9377906072962912,-1.8810158610822703
1.9329575170016031,1.162824991673446,1.6770608506946962
1.2231468319068581,0.37937324347027435,1.8684131271838325
0.4864285070184353,3.7404238832405476,3.9320902774921125
-1.281017331808227,-2.1699231097954823,2.559051769412934
-0.4042875660270072,-1.9413794437350926,3.7620881068870062
0.8321274709511854,1.0031517534475634,-1.1449897808570133
0.7350076515477093,-2.259308562379731,-3.98121597708982
-0.9307571624633143,-2.6595709520778197,-4.1541889586754115
3.226782421710631,3.1739363416669146,-6.826999506349745
-0.29460050701755036,-2.9007600176397346,3.3829573986250856
2.156284424458915,-0.2591477719544004,-1.2943536738877641
0.07289517276582214,-0.6884285364622282,2.1437139348707848
-1.8323802652373706,-2.2872535763039608,3.768973693167947
-0.8494913668688328,0.9714871746686484,-0.6057567170080077
0.03795366285180535,0.9803630232931617,-4.9254303269616475
2.21200403590882,1.1934501636051875,0.11054205440141618
-0.027592590023152175,2.721838988455448,0.050911571598395045
0.09850330067173646,-0.15257358754622619,-0.3395277647632421
0.16128312003931666,1.5425339223033836,3.4542640988012545
-1.6253118090551126,0.492161319661642,-3.298408352685125
-0.48070743222830126,-1.459149919218857,-0.1668054497266828
0.34770454066986317,-1.3672311274354776,-3.2709809014320945
-2.0131824593731613,-4.04715512335428,0.032070422979340485
-0.05712517510439341,-4.292107028267987,-4.808674084646647
-1.1107321655556635,-1.7887455766227005,1.9034110268960216
1.5869123667916853,-2.959109936374257,3.18678793773306
-1.0779146811556117,-0.12330536427135719,2.37889556190354
0.36071496119946955,2.0807516947443885,-0.11378533874438129
3.3380039109428132,-1.1598855164124946,-2.800116085949533
2.227382644738702,2.4837507410635946,-1.270598944178161
-0.43692368022313177,-6.269644992795162,-1.7169010684793
0.5845496994182768,-1.3134008179068513,0.6664940370189958
-2.470479222383049,1.8510491791284855,-1.945577850911726
-0.8612061756337842,2.603374926774988,3.725486225088198
0.18190770888157762,0.4042538137253342,4.767473159965606
0.5098248698381029,-2.2018924558779425,3.0864371777024973
0.8757832345346336,-2.0659969094152335,-0.9342358649963233
0.7822082333557148,1.9801993761593712,1.445822263312198
-2.4279555793553134,-1.2504224014709098,-0.6277942816967275
-3.341877371024104,-2.358449580591316,-2.3383375992941766
1.228497252043606,-1.0930955560825584,2.65359288707811
2.009480226256173,0.21678679284934632,-4.899316908486097
-0.5718540634653121,0.5502345546946478,3.4679477324808525
-1.7743654563281266,3.659382581326721,2.3220367935188486
3.5777751287447086,-0.5974717690286033,-1.5528273747314683
0.18673467722092507,0.498354492269393,-0.28661203995202256
-0.00037787012703627276,1.854116440047672,2.360983123005174
0.038213024581834176,0.008589367318227792,2.354658292756713
-0.5847664445398535,-1.7288439168711545,3.0458482892000696
-1.6661554137379693,-0.617899334171945,-1.3602639392659484
-2.4560873201663287,-2.8342013023185904,0.5357849978101106
1.6452733933895982,-0.25909873817164,2.475417594118613
2.9859504412255866,0.04095967615608198,2.1449711746413898
1.1656432605744853,0.8899714975519624,-1.6763095515055078
0.9034518781951395,-1.6908752789009234,-0.8926261375916047
0.50763613089995,-1.4852172990472527,2.278504062390377
1.9797501476737853,-2.9750246457112994,4.543548947750567
-0.1896255189628842,1.8866022564937688,-1.6387408830457861
2.093564889056932,0.6765439234401001,3.323963423828685
-0.04784121828163268,-1.2915188708333682,3.069139218768146
2.477142177310574,-2.251160132719455,5.11362574784039
-0.21772024529641765,1.202199796661204,-2.456817749840248
0.7937106658594623,0.916018691821852,-4.079893775747636
0.20943158783372473,-4.233750534717801,6.441526442117226
0.6175840722938681,-0.7949532982025126,-0.6326562125889245
-0.057742862068048684,0.3994407720060791,2.02218151636482
-0.7451452748232139,1.833624035951841,-0.876113650645451
-0.9974137440224768,-0.5103180991735485,-0.21899378067944408
0.18053014824172758,-0.18447444197491847,8.751340385519352
-2.1911807096792155,1.7548379440582622,-2.5344016590349154
-1.5023212064121916,-1.2365731804657392,4.269449073905435
-1.2425042647628908,4.050269619594342,-0.5560121453666675
2.5604487274888266,1.2448005215648295,1.1131165581380134
3.767797328445856,0.49386527656415424,3.4820094470565706
-0.5583457205605035,-0.043206319227354725,5.660353569717062
-0.07270403118010538,-1.9927938005601935,2.8052222927285237
-0.2966486008807474,1.105763570082757,-0.08557013306368066
1.770656576587447,0.4751776630833483,-0.9003589041496673
-0.5312868193654945,2.8271839496209483,0.7364641602856452
-0.03610941029874859,-2.02083712327285,3.8095609366773124
-0.7008322393472907,0.24297476666048384,2.960347423249107
-1.9457295065007771,1.0326060418392482,3.8739839713700075
1.9685940589501123,-3.6331016914482634,3.6342080608222873
-1.8748058522184472,0.28433333252559456,0.5791578632192339
-0.7660742735708282,2.6514555256624277,1.6073168242108828
1.385310274880171,-0.93311726587134,-3.3171100671836973
1.8915796339966655,-4.7262835851401785,-1.4410849774730332
0.04163299462849901,-1.485331538070796,-0.19736868465846022
-0.48390467234127366,4.057719428007934,3.0902609528087925
1.2957360421207418,-0.5543018490600169,0.9787596477970082
0.3493712546242209,-2.1342425237126523,1.7579225203111495
-1.0774234268309044,-4.123598406268206,0.9589373016840383
-3.006725510447287,1.5566431599104684,-0.42565905874130217
1.776594227752528,-3.0532114405263386,4.9995663557351335
0.19104827902655602,3.726480373564744,3.879298784262211
-0.8927007280652484,1.5271563937019743,2.124137286652236
-1.2910858533615228,-0.78767455115678,-3.9276841647208425
0.6996391721080064,-1.3712482599633742,6.706212152906014
1.10265259020479,2.9188392085424635,-1.8237699025887666
0.9860551248590009,0.2537676003475047,3.6676569255372073
1.6419029805537473,5.11910007007448,0.47248936470678116
-3.0498050393560687,0.947336710460156,1.6181956013743672
-0.23619025521026538,1.6794252764941278,4.242513802302637
1.833805420426736,1.065698446643097,-2.9018478525113105
1.1658747344243265,0.5644359984008942,-0.8561990692882469
1.4044856231507545,-0.37751517224801134,4.285527158776411
1.8992786681885967,1.4161367067733488,-4.537730979910341
-0.44455868995686365,2.0027943816386395,2.743209713176998
-0.20529218450442088,1.2303793541597052,2.533552733780854
-1.1209890049873905,-4.151681030778648,-1.450115766430971
-0.08437440862431989,1.7733962500962241,3.0010590646644824
1.139846488129372,1.5121505427564026,-1.5766021880385974
-3.764215705359433,-0.8738339764080946,-1.5154348416408816
0.1654628670879984,2.434147155113556,6.719355516691638
1.2673390567375298,2.4226982182492494,-0.08210234377535941
0.15968013849287105,-0.554063996486537,0.8461783769968443
-1.133771102972683,-1.6151036591433814,-1.0974381404600972
1.70575991743854,-4.549603401615714,-2.7748742166707334
-0.9255356263087465,-1.5950312960433242,-1.9728336380637335
2.61329213638383,-2.518783107187791,1.0914542273029104
-1.687595651902979,-1.1011547581569479,3.500619949827084
2.6345854480029267,-4.2688630233508515,-2.147278604884179
-0.37386182148482217,-2.141700549025436,7.708370292154377
-0.7023048213646765,-4.4951575700015685,-2.0207835449637974
-1.4742102153711412,0.23784909818232802,3.140187228524245
-1.695772270361298,-4.411429542829077,-0.563736321735435
-0.40638079830699236,-5.119112490733168,-0.8099260201062237
0.2574495813682294,-1.0965795136392227,1.512605692358336
-1.980893945291553,-0.17284102516516153,3.3780680990166365
-0.092009176501816,2.2998462676026215,-6.291653886237644
2.307678678553663,-0.858514226390259,-0.43266425533282993
0.17228707973975257,0.3448471413727705,-3.914814650100942
0.10749507541529335,0.447259555319235,-1.6631414120802044
-1.6446725127867734,-1.190377085466475,0.008412878226659926
0.2319638000343388,-1.5091169817141028,-0.8391260149986919
0.845301104684056,1.5508033742805396,2.7463969774768073
-1.05866974166521,4.066372578075198,-5.515235210208372
0.7865460726321261,3.3735237146470927,-4.802346978484632
0.8833809987794812,0.735976208747412,2.3230776354485263
2.0062375991654413,-0.14822672116863633,-0.438830846183517
1.266770480651744,0.04160240353663747,-3.8391100685973294
-3.79041031434244,1.835573725172029,2.5330674275463005
1.6618470324153956,-0.5049605413297921,4.922909296126462
-1.9793411760109585,0.5730074007873682,-1.928163401212814
-0.8819578942279179,-4.429792406950385,-1.3501426454120606
-2.4552536634216597,4.501323375432773,4.807921110315922
-2.740844277927388,0.6475082741586149,-3.29493819315719
-0.5647529700542185,2.6897189388346514,2.3388811242315946
-0.6066203456075412,2.4749908964706093,1.1132627450762567
-2.053672518286099,-6.901672433229145,1.8781928734015867
0.7990843601657063,-3.0426392076310664,1.889238921227645
2.6139115741707095,2.9455979003631856,-2.6188857889739396
2.0048271447689183,2.0288213938884345,-0.7406199346042204
0.9734659567353414,4.090637999606184,-0.6520234313157125
2.3517049513244728,3.369761941053868,5.787095600278389
-1.0802368501833006,-1.6773459917898927,-2.096214893285265
0.5791473334459167,2.3333521437156026,1.4359696505819368
2.2220347268747567,1.7887540309673537,-3.7711177877696738
3.9983021902953064,-2.562370502761962,4.628274348712824
0.11029338428416269,-0.12930960767889021,-2.0264638531007337
1.1874574450510766,-0.290574963677098,0.8530146709080245
-0.41773644243526165,-2.326406646844216,-0.16136708233174424
0.7501511373550277,3.730737764936559,1.6251010940246116
0.3717230327926646,-0.393610466691355,-0.30654086000289527
0.17953430818382765,2.006204252113797,-0.09216998660719378
0.31991293888784367,1.632711826998843,-0.013208139877256386
-0.7307756980945393,1.7449393055107005,-3.019435750562755
0.2928646669110422,-5.330061275890669,4.144479007574008
3.1555601310076717,-1.4730070507839088,0.6716536752959709
-0.6723667968336777,-3.1264099659822566,-1.390150035280553
-0.6737943869635266,2.9824113382800976,0.9484946202565658
-0.18598099257966372,-0.3932973627524585,6.076531424273689
-3.4187758036950466,-0.05031202123621392,1.782433270748765
-2.361652619768953,-1.604174199458404,-2.147938620811207
1.5777431372476363,1.4707610696516602,-0.23837761184959072
-0.09577130879044371,1.5046462672493415,2.440683388385562
-0.7133109201841651,-3.724889112767018,-1.3059746101956722
-0.7093621112287729,-2.4568927731569667,3.523525064633308
1.8307111082750065,2.12127677377432,4.753843051401896
-0.5289938267037834,-4.446971898342802,3.2334214994137507
-0.6342354406551386,0.9328143456852438,-0.9171074702565469
0.963016884436614,1.5434408640241153,-1.0496969623146122
-0.06618673066443742,5.262738355793893,-2.0326070057828822
-1.5931863656426963,-1.258088590294964,2.0514267818241394
2.866853324109705,-0.12413255158486258,1.086738905312568
-1.4404126367110819,-0.06439739291193425,-0.3162835763619444
-0.5020910523316786,0.12962798581976764,-2.204845288736267
-1.787338153682179,1.521075040291505,1.3425645897580762
-1.3996957608132503,1.3961892556089426,5.032525879906706
1.3102155658067935,-2.1486484178962293,-3.0581123952250753
0.002354578417722686,-3.129058823133723,-0.06859609283672852
0.4637054659833273,3.6670759385091887,4.059854516013701
1.2998142082754043,0.7856209478337672,-1.4652019649197916
-0.09920319638695863,-0.6412314232022427,-3.8007423271944787
-1.7004678539155262,-2.511063984106283,-0.7066417814638415
-0.5049375416213258,-2.890141121214216,0.23232950164034333
-2.1618649779936554,2.2647355589142264,3.3195173666291846
-2.9723175165192197,-1.5107416158949352,5.152471117415093
2.126943802482081,0.5027065964892423,6.075162965195819
0.43317347709782816,3.637448419781512,-1.6548613068896492
-0.9514596893898051,2.493211193872578,1.9967221992725626
-1.1300747648514586,-0.6399179594410125,-2.390282344427036
0.18755697330455756,0.8038898328783001,3.982946190643639
-2.7761899717836083,1.2118223729242266,0.7348055429139397
-0.6717180517449814,5.784574990996147,-2.1798692219845246
-0.8031705271457662,-0.9323819598627303,-5.241720528263979
1.9116236291326922,-0.7388226246855807,-3.3530532441925267
2.375088524106821,-0.09761568802027909,4.782036568524888
1.4573745125918223,-5.021534706862701,0.9540545279511046
-1.8953277371992845,-2.9834286649760955,2.4189486821684665
-0.35064506062017853,0.35322094439744656,2.0646511903191636
2.703368959124608,0.25275070011437195,1.4721182739218033
-1.3509902539112293,-1.4513243021504263,0.12135114646024348
1.2947700493637477,4.4489674729014475,-0.5194664713361409
2.3256172875040693,-4.184837191854793,2.1427814868394033
1.7773799901139595,-1.9743086584162384,1.9775382643490427
0.22334916216340106,1.5680239623348422,-0.00414731819609393
0.4090378089979625,-0.40559964567243223,-1.6190279525503826
-2.010549592213212,2.450984641331309,-1.2347709364522823
2.5856011764972022,1.377667133357706,-4.883899006173795
1.9328434607090315,-1.2700247126449995,-2.916829520399418
2.142984219421819,-5.146496650500295,2.65395800952305
-1.1745519543186593,4.4575916996596945,-2.2265718795140486
1.4580834814575747,0.1254094080369721,2.601839641859957
0.852134624863526,-1.2671503745081851,1.7424117718903454
-2.2904362800359657,-2.3420176360158536,-2.5021338803346036
-0.007854629823995873,1.8861149313206387,4.452501903672642
1.3688434111432712,-0.8826970534716969,3.4697291456493367
1.218829909910753,-2.7430392768753293,1.8136330510867045
0.12262329556998464,-0.8577586234080326,3.0091859657514837
0.16524725146001337,-1.445126704767227,1.7308102769372224
0.6074411351302638,-2.605592044217846,5.494058163308495
0.043067844846564896,-3.454589915740355,3.5073254504465443
0.06279166430624786,-0.03659920149238571,-1.7696463992747715
